시장,보통주명,우선주명,시가총액(보통주),배당성향,보통주가,우선주가,괴리율(%),보통주 배당금,보통주 배당수익률(A),우선주 배당금,우선주 배당수익률(B),배당수익률 비율(B/A),우선주코드,보통주코드
코스피,삼성전자,삼성전자우,1575572084856000.0,25.25,269500.0,197500.0,26.72,1668.0,0.62,1669.0,0.85,1.37,005935,005930
코스피,삼성전기,삼성전기우,104869949184000.0,25.15,1404000.0,501000.0,64.32,2350.0,0.17,2400.0,0.48,2.82,009155,009150
코스피,현대차,현대차우,79446013208000.0,27.71,388000.0,186400.0,51.96,10000.0,2.58,10050.0,5.39,2.09,005385,005380
코스피,현대차,현대차2우B,79446013208000.0,27.71,388000.0,184700.0,52.4,10000.0,2.58,10100.0,5.47,2.12,005387,005380
코스피,현대차,현대차3우B,79446013208000.0,27.71,388000.0,181100.0,53.32,10000.0,2.58,10050.0,5.55,2.15,005389,005380
코스피,삼성물산,삼성물산우B,60975010456000.0,18.79,376000.0,229000.0,39.1,2800.0,0.74,2850.0,1.24,1.68,02826K,028260
코스피,삼성SDI,삼성SDI우,46256094220000.0,,574000.0,224500.0,60.89,0.0,0.0,0.0,0.0,,006405,006400
코스피,SK,SK우,43646627206000.0,27.59,602000.0,411000.0,31.73,8000.0,1.33,8050.0,1.96,1.47,03473K,034730
코스피,LG전자,LG전자우,33309908471000.0,25.33,204500.0,73800.0,63.91,1350.0,0.66,1400.0,1.9,2.88,066575,066570
코스피,삼성화재,삼성화재우,28619030193000.0,41.07,641000.0,417500.0,34.87,19500.0,3.04,19505.0,4.67,1.54,000815,000810
코스피,SK이노베이션,SK이노베이션우,25949602958000.0,,153500.0,71800.0,53.22,0.0,0.0,0.0,0.0,,096775,096770
코스피,두산,두산2우B,21035791665000.0,94.56,1299000.0,360000.0,72.29,4000.0,0.31,4000.0,1.11,3.58,000157,000150
코스피,두산,두산우,21035791665000.0,94.56,1299000.0,447000.0,65.59,4000.0,0.31,4050.0,0.91,2.94,000155,000150
코스피,LG화학,LG화학우,20118817755000.0,,285000.0,129200.0,54.67,2000.0,0.7,2050.0,1.59,2.27,051915,051910
코스피,미래에셋증권,미래에셋증권2우B,19032887837550.0,11.24,35050.0,11240.0,67.93,300.0,0.86,300.0,2.67,3.1,00680K,006800
코스피,미래에셋증권,미래에셋증권우,19032887837550.0,11.24,35050.0,12190.0,65.22,300.0,0.86,330.0,2.71,3.15,006805,006800
코스피,S-Oil,S-Oil우,18677485192800.0,21.72,165900.0,77300.0,53.41,330.0,0.2,355.0,0.46,2.3,010955,010950
코스피,LG,LG우,18006967676400.0,64.85,119100.0,71700.0,39.8,3100.0,2.6,3150.0,4.39,1.69,003555,003550
코스피,현대건설,현대건설우,14877130204000.0,24.1,133600.0,56100.0,58.01,800.0,0.6,850.0,1.52,2.53,000725,000720
코스피,GS,GS우,11342539939500.0,35.57,122100.0,62300.0,48.98,3000.0,2.46,3050.0,4.9,1.99,078935,078930
코스피,대한항공,대한항공우,10972975697800.0,35.16,29800.0,21900.0,26.51,750.0,2.52,800.0,3.65,1.45,003495,003490
코스피,한국금융지주,한국금융지주우,10743971257600.0,25.12,192800.0,151300.0,21.52,8690.0,4.51,8752.0,5.78,1.28,071055,071050
코스피,NH투자증권,NH투자증권우,9802422087750.0,45.11,26550.0,23200.0,12.62,1300.0,4.9,1350.0,5.82,1.19,005945,005940
코스피,한진칼,한진칼우,9580387036500.0,15.56,143500.0,31750.0,77.87,360.0,0.25,385.0,1.21,4.84,18064K,180640
코스피,아모레퍼시픽,아모레퍼시픽우,8089548569700.0,36.3,138300.0,44950.0,67.5,1240.0,0.9,1245.0,2.77,3.08,090435,090430
코스피,한화,한화3우B,7572703374000.0,27.01,142000.0,43600.0,69.3,1100.0,0.77,1150.0,2.64,3.43,00088K,000880
코스피,한화솔루션,한화솔루션우,6926690108800.0,,30800.0,17290.0,43.86,0.0,0.0,0.0,0.0,,009835,009830
코스피,유한양행,유한양행우,5889262480000.0,23.09,80000.0,69100.0,13.63,600.0,0.75,610.0,0.88,1.17,000105,000100
코스피,대덕전자,대덕전자1우,5243135742500.0,54.11,106100.0,22850.0,78.46,500.0,0.47,505.0,2.21,4.7,35320K,353200
코스피,LG생활건강,LG생활건강우,4365364954500.0,,291500.0,105500.0,63.81,2000.0,0.69,2050.0,1.94,2.81,051905,051900
코스피,CJ,CJ4우(전환),3807598239000.0,77.27,130500.0,128500.0,1.53,3300.0,2.53,3350.0,2.61,1.03,00104K,001040
코스피,CJ,CJ우,3807598239000.0,77.27,130500.0,69200.0,46.97,3300.0,2.53,3350.0,4.84,1.91,001045,001040
코스피,두산퓨얼셀,두산퓨얼셀2우B,3530111831400.0,,53900.0,8030.0,85.1,0.0,0.0,0.0,0.0,,33626L,336260
코스피,두산퓨얼셀,두산퓨얼셀1우,3530111831400.0,,53900.0,6770.0,87.44,0.0,0.0,0.0,0.0,,33626K,336260
코스피,금호석유화학,금호석유화학우,3270452250000.0,15.04,130000.0,52500.0,59.62,1700.0,1.31,1750.0,3.33,2.54,011785,011780
코스피,DL이앤씨,DL이앤씨우,3141922187600.0,10.18,81200.0,25950.0,68.04,890.0,1.1,940.0,3.62,3.29,37550K,375500
코스피,DL이앤씨,DL이앤씨2우(전환),3141922187600.0,10.18,81200.0,51000.0,37.19,890.0,1.1,890.0,1.75,1.59,37550L,375500
코스피,CJ제일제당,CJ제일제당 우,2730829340400.0,,181400.0,120900.0,33.35,6000.0,3.31,6050.0,5.0,1.51,097955,097950
코스피,롯데지주,롯데지주우,2476644833600.0,,24850.0,25000.0,-0.6,1250.0,5.03,1300.0,5.2,1.03,00499K,004990
코스피,아모레퍼시픽홀딩스,아모레퍼시픽홀딩스우,1949683590000.0,29.39,25500.0,11010.0,56.82,400.0,1.57,405.0,3.68,2.34,002795,002790
코스피,아모레퍼시픽홀딩스,아모레퍼시픽홀딩스3우C,1949683590000.0,29.39,25500.0,21300.0,16.47,400.0,1.57,667.0,3.13,1.99,00279K,002790
코스피,코오롱인더,코오롱인더우,1703929220800.0,577.78,56900.0,25200.0,55.71,1300.0,2.28,1350.0,5.36,2.35,120115,120110
코스피,호텔신라,호텔신라우,1636646645700.0,,41700.0,28800.0,30.94,0.0,0.0,0.0,0.0,,008775,008770
코스피,대신증권,대신증권우,1296518627200.0,49.73,27200.0,20600.0,24.26,1200.0,4.41,1250.0,6.07,1.38,003545,003540
코스피,대신증권,대신증권2우B,1296518627200.0,49.73,27200.0,19620.0,27.87,1200.0,4.41,1200.0,6.12,1.39,003547,003540
코스피,코리아써키트,코리아써우,1256689288000.0,5.79,52400.0,18800.0,64.12,100.0,0.19,105.0,0.56,2.95,007815,007810
코스피,코리아써키트,코리아써키트2우B,1256689288000.0,5.79,52400.0,14200.0,72.9,100.0,0.19,105.0,0.74,3.89,00781K,007810
코스피,DL,DL우,1173529504000.0,,56000.0,25650.0,54.2,0.0,0.0,0.0,0.0,,000215,000210
코스피,하이트진로,하이트진로2우B,1069537567750.0,117.45,15250.0,12330.0,19.15,700.0,4.59,750.0,6.08,1.32,000087,000080
코스피,대원전선,대원전선우,1058594616000.0,,13500.0,10010.0,25.85,0.0,0.0,0.0,0.0,,006345,006340
코스피,한화투자증권,한화투자증권우,1039483969875.0,,4845.0,6700.0,-38.29,0.0,0.0,0.0,0.0,,003535,003530
코스피,SK디스커버리,SK디스커버리우,992583807000.0,28.73,57000.0,42000.0,26.32,2000.0,3.51,2050.0,4.88,1.39,006125,006120
코스피,SK케미칼,SK케미칼우,942782747000.0,49.87,54500.0,25250.0,53.67,1150.0,2.11,1200.0,4.75,2.25,28513K,285130
코스피,유안타증권,유안타증권우,909450081440.0,49.66,4720.0,4315.0,8.58,220.0,4.66,270.0,6.26,1.34,003475,003470
코스피,롯데칠성,롯데칠성우,904691190000.0,72.39,97500.0,66300.0,32.0,3400.0,3.49,3405.0,5.14,1.47,005305,005300
코스피,대상,대상우,643067344000.0,,18560.0,14820.0,20.15,850.0,4.58,860.0,5.8,1.27,001685,001680
코스피,JW중외제약,JW중외제약우,626391517000.0,25.65,26900.0,22400.0,16.73,650.0,2.42,675.0,3.01,1.24,001065,001060
코스피,JW중외제약,JW중외제약2우B,626391517000.0,25.65,26900.0,49650.0,-84.57,650.0,2.42,650.0,1.31,0.54,001067,001060
코스피,동원시스템즈,동원시스템즈우,614615178400.0,49.07,21200.0,14300.0,32.55,900.0,4.25,1000.0,6.99,1.64,014825,014820
코스피,LX홀딩스,LX홀딩스1우,607957099300.0,16.62,7970.0,7630.0,4.27,290.0,3.64,300.0,3.93,1.08,38380K,383800
코스피,금호건설,금호건설우,582745993360.0,11.33,15640.0,19590.0,-25.26,200.0,1.28,350.0,1.79,1.4,002995,002990
코스피,SK증권,SK증권우,581707138775.0,,2515.0,4100.0,-63.02,0.0,0.0,0.0,0.0,,001515,001510
코스피,한화머시너리앤서비스홀딩스,한화머시너리앤서비스홀딩스3우B,579776570100.0,,6860.0,2620.0,61.81,0.0,0.0,0.0,0.0,,0220WL,0220W0
코스피,넥센타이어,넥센타이어1우B,556706898900.0,13.61,5700.0,3935.0,30.96,200.0,3.51,205.0,5.21,1.48,002355,002350
코스피,솔루스첨단소재,솔루스첨단소재2우B,527996480960.0,,7520.0,2305.0,69.35,10.0,0.13,10.0,0.43,3.31,33637L,336370
코스피,솔루스첨단소재,솔루스첨단소재1우,527996480960.0,,7520.0,1443.0,80.81,10.0,0.13,11.0,0.76,5.85,33637K,336370
코스피,부국증권,부국증권우,515383334200.0,46.98,49700.0,30250.0,39.13,2400.0,4.83,2450.0,8.1,1.68,001275,001270
코스피,신풍제약,신풍제약우,514749886040.0,,9820.0,14330.0,-45.93,0.0,0.0,0.0,0.0,,019175,019170
코스피,태영건설,태영건설우,506200722678.0,,1701.0,6370.0,-274.49,0.0,0.0,0.0,0.0,,009415,009410
코스피,한화갤러리아,한화갤러리아우,497249899650.0,,2565.0,4240.0,-65.3,0.0,0.0,0.0,0.0,,45226K,452260
코스피,삼양사,삼양사우,494529879550.0,,47950.0,33200.0,30.76,1750.0,3.65,1800.0,5.42,1.48,145995,145990
코스피,대덕,대덕1우,462110437460.0,1121.36,14770.0,10690.0,27.62,1155.0,7.82,1160.0,10.85,1.39,00806K,008060
코스피,녹십자홀딩스,녹십자홀딩스2우,461346740100.0,,9810.0,18100.0,-84.51,300.0,3.06,300.0,1.66,0.54,005257,005250
코스피,코오롱,코오롱우,334954296000.0,,25950.0,13470.0,48.09,550.0,2.12,600.0,4.45,2.1,002025,002020
코스피,LX하우시스,LX하우시스우,308936231500.0,,34450.0,18870.0,45.22,0.0,0.0,0.0,0.0,,108675,108670
코스피,넥센,넥센우,300026108670.0,9.96,5710.0,4335.0,24.08,175.0,3.06,180.0,4.15,1.36,005725,005720
코스피,한양증권,한양증권우,291915269520.0,36.5,19320.0,19320.0,0.0,1600.0,8.28,1650.0,8.54,1.03,001755,001750
코스피,대상홀딩스,대상홀딩스우,289700304000.0,,8000.0,12450.0,-55.62,300.0,3.75,310.0,2.49,0.66,084695,084690
코스피,세방,세방우,257487172410.0,9.96,13470.0,9330.0,30.73,300.0,2.23,305.0,3.27,1.47,004365,004360
코스피,대한제당,대한제당우,244064619450.0,,2830.0,2175.0,23.14,120.0,4.24,125.0,5.75,1.36,001795,001790
코스피,남양유업,남양유업우,241405169850.0,160.81,42550.0,29600.0,30.43,1428.0,3.36,1433.0,4.84,1.44,003925,003920
코스피,코오롱글로벌,코오롱글로벌우,233391943620.0,,9180.0,13100.0,-42.7,400.0,4.36,450.0,3.44,0.79,003075,003070
코스피,흥국화재,흥국화재우,232879588125.0,,3625.0,5710.0,-57.52,0.0,0.0,0.0,0.0,,000545,000540
코스피,BYC,BYC우,229858320000.0,16.9,36800.0,26650.0,27.58,400.0,1.09,405.0,1.52,1.39,001465,001460
코스피,노루홀딩스,노루홀딩스우,223424248310.0,19.42,16810.0,27800.0,-65.38,600.0,3.57,605.0,2.18,0.61,000325,000320
코스피,성신양회,성신양회우,203728566630.0,33.52,8310.0,8550.0,-2.89,350.0,4.21,400.0,4.68,1.11,004985,004980
코스닥,해성산업,해성산업1우,189796713520.0,,6010.0,6140.0,-2.16,250.0,4.16,255.0,4.15,1.0,03481K,034810
코스피,하이트진로홀딩스,하이트진로홀딩스우,185886187650.0,,8010.0,9200.0,-14.86,350.0,4.37,400.0,4.35,1.0,000145,000140
코스피,동부건설,동부건설우,179672371290.0,13.33,7830.0,17200.0,-119.67,300.0,3.83,350.0,2.03,0.53,005965,005960
코스피,유화증권,유화증권우,172375341600.0,96.07,3040.0,3240.0,-6.58,220.0,7.24,230.0,7.1,0.98,003465,003460
코스피,노루페인트,노루페인트우,159800000000.0,49.75,7990.0,11950.0,-49.56,400.0,5.01,405.0,3.39,0.68,090355,090350
코스피,일양약품,일양약품우,157647584640.0,41.33,8260.0,7700.0,6.78,155.0,1.88,180.0,2.34,1.24,007575,007570
코스피,금강공업,금강공업우,139167798965.0,,4745.0,5680.0,-19.7,120.0,2.53,130.0,2.29,0.91,014285,014280
코스피,남선알미늄,남선알미우,135533044500.0,,1050.0,7130.0,-579.05,0.0,0.0,0.0,0.0,,008355,008350
코스피,동양,동양2우B,114727696272.0,,1071.0,5890.0,-449.95,0.0,0.0,0.0,0.0,,001527,001520
코스피,동양,동양우,114727696272.0,,1071.0,8880.0,-729.13,0.0,0.0,0.0,0.0,,001525,001520
코스피,NPC,NPC우,109242000000.0,30.97,2975.0,1864.0,37.34,105.0,3.53,110.0,5.9,1.67,004255,004250
코스피,진흥기업,진흥기업우B,105612483240.0,,7260.0,13260.0,-82.64,0.0,0.0,0.0,0.0,,002785,002780
코스피,진흥기업,진흥기업2우B,105612483240.0,,7260.0,29000.0,-299.45,0.0,0.0,0.0,0.0,,002787,002780
코스피,태양금속,태양금속우,103494000000.0,10.64,2820.0,3405.0,-20.74,10.0,0.35,15.0,0.44,1.26,004105,004100
코스피,크라운제과,크라운제과우,100566515500.0,29.05,8030.0,7410.0,7.72,280.0,3.49,282.0,3.81,1.09,26490K,264900
코스피,계양전기,계양전기우,98546640980.0,,3620.0,5240.0,-44.75,0.0,0.0,0.0,0.0,,012205,012200
코스피,티와이홀딩스,티와이홀딩스우,96909319290.0,,2130.0,2740.0,-28.64,0.0,0.0,0.0,0.0,,36328K,363280
코스피,크라운해태홀딩스,크라운해태홀딩스우,83887510550.0,10.62,5650.0,5200.0,7.96,130.0,2.3,135.0,2.6,1.13,005745,005740
코스피,대교,대교우B,80467700000.0,,1000.0,598.0,40.2,60.0,6.0,60.0,10.03,1.67,019685,019680
코스피,CJ씨푸드,CJ씨푸드1우,71358515178.0,,1986.0,6240.0,-214.2,0.0,0.0,0.0,0.0,,011155,011150
코스피,유유제약,유유제약1우,62281212210.0,23.37,3955.0,3670.0,7.21,115.0,2.91,125.0,3.41,1.17,000225,000220
코스피,유유제약,유유제약2우B,62281212210.0,23.37,3955.0,7620.0,-92.67,115.0,2.91,125.0,1.64,0.56,000227,000220
코스피,덕성,덕성우,52057600000.0,32.03,3320.0,4230.0,-27.41,115.0,3.46,120.0,2.84,0.82,004835,004830
코스피,성문전자,성문전자우,47539533975.0,5.21,2175.0,4800.0,-120.69,5.0,0.23,10.0,0.21,0.91,014915,014910
코스피,서울식품,서울식품우,46675280379.0,,1183.0,5360.0,-353.09,0.0,0.0,0.0,0.0,,004415,004410
코스피,깨끗한나라,깨끗한나라우,46215700013.0,,1241.0,4000.0,-222.32,0.0,0.0,0.0,0.0,,004545,004540
코스닥,대호특수강,대호특수강우,20728059170.0,,955.0,2485.0,-160.21,0.0,0.0,0.0,0.0,,021045,021040
코스닥,소프트센,소프트센우,20404454685.0,,885.0,8300.0,-837.85,0.0,0.0,0.0,0.0,,032685,032680
